{
    "menu": [
        {
            "kategori": "Fruit Squash ",
            "nama": "Lychee Squash",
            "deskripsi": "Lychee syrup, vanilla powder, soda.",
            "harga": 15000,
            "gambar": "meat-lover.jpg"
        },
        {
            "kategori": "Fruit Squash",
            "nama": "Nanas Squash",
            "deskripsi": "Pineapple syrup, vanilla powder, soda.",
            "harga": 15000,
            "gambar": "supreme.jpg"
        },
        {
            "kategori": "Fruit Squash",
            "nama": "Mango Squash",
            "deskripsi": "Mango syrup, vanilla powder, soda.",
            "harga": 15000,
            "gambar": "tuna-melt.jpg"
        },
        {
            "kategori": "Fruit Squash",
            "nama": "Grape Squash",
            "deskripsi": "Grape syrup, vanilla powder, soda.",
            "harga": 15000,
            "gambar": "american-favourite.jpg"
        },
        {
            "kategori": "Fruit Squash",
            "nama": "Lemon Squash",
            "deskripsi": "Lemon syrup, vanilla powder, soda.",
            "harga": 15000,
            "gambar": "beef-spaghetti.jpg"
        },
        {
            "kategori": "Yakult Series",
            "nama": "Orange Yakult",
            "deskripsi": "Orange syrup, yakult powder, yakult drink.",
            "harga": 48000,
            "gambar": "beef-lasagna.jpg"
        },
        {
            "kategori": "Yakult Series",
            "nama": "Strawberry Yakult",
            "deskripsi": "Strawberry syrup, yakult powder, yakult drink.",
            "harga": 18000,
            "gambar": "creamy-beef-fettuccine.jpg"
        },
        {
            "kategori": "Special Mix",
            "nama": "Red Velvet Flavour",
            "deskripsi": "Red velvet syrup, red velvet powder, milk.",
            "harga": 15000,
            "gambar": "meatballs-beef-mushroom.jpg"
        },
        {
            "kategori": "Special Mix",
            "nama": "Taro Flavour",
            "deskripsi": "Taro powder, milk.",
            "harga": 15000,
            "gambar": "black-pepper-chicken.jpg"
        },
        {
            "kategori": "Special Mix",
            "nama": "Matcha Special Gula Aren",
            "deskripsi": "Matcha powder,gula aren, milk.",
            "harga": 15000,
            "gambar": "oriental-chicken.jpg"
        },
        {
            "kategori": "Special Mix",
            "nama": "Cookies And Cream",
            "deskripsi": "Potongan cookies, wip cream, milk",
            "harga": 18000,
            "gambar": "choco-mint.jpg"
        },
        {
            "kategori": "Special Mix",
            "nama": "Brown Sugar Special",
            "deskripsi": "Milk, brown sugar powder",
            "harga": 24000,
            "gambar": "toffee-coffee.jpg"
        },
        {
            "kategori": "Chocolate Series",
            "nama": "Nutella Choco Mix",
            "deskripsi": "",
            "harga": 15000,
            "gambar": "green-tea-shake.jpg"
        },
        {
            "kategori": "Chocolate Series",
            "nama": "Black Chocolate Oreo",
            "deskripsi": "",
            "harga": 15000,
            "gambar": "strawberry-milkshake.jpg"
        },
        {
            "kategori": "Chocolate Series",
            "nama": "Coklat Lava Special",
            "deskripsi": "",
            "harga": 15000,
            "gambar": "chocolate-milkshake.jpg"
        }
    ]
}